population,profile_id,source_batch,source_simulation_id,GCaL,GK1,GKr,GKs,GKur,Gto,GKACh,GNa,GNaK,GNCX,GSK,GK2P,GSAC
IREpAF,2,initial,1,1.64258035113401,1.01516158315372,1.04232403202297,0.71417910023953,1.82130812628879,1.53691138501705,0.904861064465786,1.37165150897635,1.15111020610835,1.42273711258647,0.767038541131612,1.92402680384137,1.75678371069396
IREpAF,122,initial,3,1.74218868366966,1.06954852485987,1.98987383024513,1.8255696362472,1.99515622576499,1.32786955978938,0.569531416126876,1.82741518991199,1.00901834572737,1.84211221329393,1.5659228455754,0.580871713507152,1.20538033704471
IREpAF,181,initial,4,1.42381577768048,0.921680538469149,1.34420968823808,1.67387629613658,1.53078993560439,1.11228186608012,0.820049807876693,1.9645039333293,0.939447018430159,1.64887308678007,0.94930705828341,1.80592542562955,1.34724160644279
IREpAF,197,initial,6,1.04916176383676,1.08053801472851,0.731340151490995,1.22772922130224,1.8934141494987,0.936216081835727,0.527232790179307,1.33089960678663,1.20470562440033,1.22041802668026,0.822804146215327,0.704655627236668,1.22567597266033
IREpAF,261,initial,8,0.981839050374937,0.8065435541864,0.631171842782541,0.708741701417315,1.17966549080007,0.626350151558429,1.62038002374289,1.9182188425652,1.15710289577747,1.74496864996605,1.00761083614167,1.41409537744143,1.10744019338924
IREpAF,339,initial,9,1.37947898764976,0.867152962859242,0.97057191504938,0.958520179886497,0.93420738300892,1.43380831660766,1.73573622368361,1.75367152460529,1.50083099681793,1.39562324131785,0.690942967043029,1.02985300402706,1.69094871658188
IREpAF,360,initial,10,1.09643779220801,0.911747330492629,1.36426154053236,0.995241564489203,1.08661805514064,1.56231039618298,0.779824615724409,1.2589499358349,0.693756971663107,1.81972261235414,1.08107653289687,0.755724771291329,1.06555272895451
IREpAF,371,initial,11,1.38773963049099,0.792039559036026,0.922969772683787,0.513160264262294,1.50399331915894,1.46725287986991,1.11631014340989,1.74951263836146,0.97459841856405,1.89736869349309,1.84995915284532,1.44925501609201,1.40070831042155
IREpAF,507,initial,16,1.39315208824426,0.717137432733484,1.66217561055517,1.92406286880816,1.30881154958542,1.68613725203987,1.58507871795432,1.75415103035229,1.89171238501686,1.9927373722691,1.40035338543638,0.639041771593925,1.65801620985367
IREpAF,648,initial,18,1.59054367246729,1.01110093254429,1.69789095336015,1.58824275428373,1.43051450853318,1.95042028514661,0.865979942625341,1.40553017887868,1.00806990388048,1.62019795435644,1.10410943393052,0.676950769098563,1.64151000385264
IREpAF,762,initial,19,1.25843953861056,0.7857451454659,1.7939429911371,1.65239987785378,1.48322910167509,1.08437145022859,1.57681575566415,1.47344663944854,1.12988593565959,1.90794163251937,0.81491099110163,1.95511274026995,1.5736482607698
IREpAF,1116,initial,30,1.56841762485594,0.760705956948736,1.79810677840253,1.65932665709921,1.8629282197539,1.22437609500509,1.37825818550261,1.4003250636509,1.60964408258493,1.55062279037147,1.69135800213231,1.54627740595845,1.65285609355893
IREpAF,1157,initial,32,1.42835374995358,0.77645894689121,1.43111886930085,1.97955468326285,1.68877952696197,0.897738094769618,1.80951346766038,1.63601272055746,1.30570477788326,1.7778295089051,0.516224686718728,1.51084204295448,1.22954387647742
IREpAF,1170,initial,33,1.02117248982772,0.837886588038401,0.74891938505639,1.33329441997296,1.33262641163061,0.63570502661476,1.06626474420906,1.3919508563853,1.62638708011855,1.52251280807122,0.76357669130105,1.41348011423313,1.88627313419294
IREpAF,1208,initial,34,1.02354549562422,0.723801053292782,1.24800898615759,1.02610894638887,0.583825396982038,0.998870781970299,1.38615367017038,1.28498840885431,0.763525185682474,1.61601172867232,1.66858415857363,0.693850581549862,1.2995151379833
IREpAF,1217,initial,35,1.11787765558249,0.659195808473704,0.883496346513763,0.651945769052628,0.735475536950246,1.59692347664896,1.39070110432248,1.32206294037442,0.632666497064923,1.02804312069313,1.7684626671242,1.17021452077177,0.686778928033755
IREpAF,1373,initial,38,1.1409378178339,0.654214896683745,1.44097566134504,0.847067762659774,1.31436527153115,1.97376830060954,1.57391821290987,1.52028501709672,0.668288340421902,1.51110342269356,0.564576405223147,0.598431903532165,0.74066642617763
IREpAF,1426,initial,40,1.09003640268682,0.967008118132421,1.53323370150458,1.12840235678738,1.83569273460972,0.548236149032663,1.53999744790245,1.34762156096335,0.674611174026892,1.94513728065354,0.94534703878298,0.914748892443085,1.69539094435472
IREpAF,1464,initial,41,1.0509675899387,0.60053554513226,0.783033404745785,0.705631218038474,0.597020319828652,1.21420830355192,1.2616694579697,1.86936722431373,1.294965281055,0.747059642757978,1.30541709240075,1.32079373774452,1.20180694280712
IREpAF,1505,initial,42,1.68091632579569,0.731606667420155,1.21523144179075,1.19460874224283,1.92309722136575,1.03569219787751,1.37316105215171,1.96339911842433,1.74543075231561,1.67708920249908,1.10878545414663,1.28809952042651,1.51122584136932
IREpAF,1555,initial,43,1.10603807090051,0.714797077451538,1.40666200104618,1.77102301406349,1.73804558007645,1.22012228593001,1.7506550924187,1.65932575498423,0.931475212783823,1.69857191727932,0.595366280337494,1.4804328292986,1.44588788158613
IREpAF,1582,initial,44,1.61945714500537,0.75586695505686,0.897584181311482,0.737531563116052,1.97015199503568,1.65153527452941,1.61396918016574,1.38604455647882,1.39574977789648,1.77672941712205,1.91242114198889,0.806266224414809,0.89813463395418
IREpAF,1658,initial,45,1.54280910989498,0.553276407905461,0.662110868638037,1.52223908881223,1.81274769219,1.988535526677,0.852958591220871,1.66539944389693,1.57837550399979,1.60199252854278,1.62653492209487,1.84350691592712,1.02341758585576
IREpAF,1663,initial,46,1.88214547991431,0.935350791954508,1.14202239711584,1.66632954351794,1.43133605854332,1.88505716704993,0.690903188123627,1.70842106541177,1.3037500613802,1.94149956029925,1.99207642385515,1.6598249054507,1.39211751744134
IREpAF,1847,initial,50,1.25925361578137,0.62028692509435,0.815567968097403,1.96771943465537,1.35239018846615,1.41552658449214,1.59636701195617,1.40815458042678,1.55360815411048,1.77647503112267,0.757838566796996,1.80277344158363,1.19583416861603
IREpAF,1913,initial,51,1.75151978676921,0.638987492337703,1.88785702013399,0.606310933563243,1.959638154818,1.89242399442317,1.95910950905192,1.47865341007766,1.60074666573591,1.12987129104858,0.582166252983219,0.752663125847436,0.746919906073105
IREpAF,2250,initial,58,1.58097615808157,0.857020508533444,1.97239553157973,1.33485314489522,1.57595924604676,1.57690651346815,1.04462000282537,1.41292946023905,1.65838339269165,1.06729342369927,1.55780138552645,0.602516189443786,1.80268662684638
IREpAF,2379,initial,62,1.31246355769981,1.06030967598886,1.39452188539732,1.16019466949997,1.92622717212131,0.539146003357569,0.736457267402454,1.65716966989493,0.835808213921276,1.38213534802063,0.56416142891726,1.81593105822393,1.65874653199677
IREpAF,2417,initial,64,1.40177571311593,0.892888819781734,1.3761266401007,1.31282323577623,1.67578566138525,1.10717910419725,1.42738415812039,1.24328610425643,0.98490163161861,1.42954588560043,1.03014819794283,1.02942592841251,1.52738035045068
IREpAF,2496,initial,67,1.24259660300162,0.811905548790842,1.67055164743275,0.719498545736504,0.632835845194057,1.85937312010978,0.700874451013661,1.23485771092587,1.65666324217971,1.79104367452413,1.36491348563901,0.844935761889209,1.44407971515849
IREpAF,2677,initial,70,1.34583582824374,0.532558125456199,1.37770395484501,1.04391155779949,1.7732603271804,0.972460461143785,0.739249056327198,1.72175960531619,1.64487529096442,1.0735312513268,1.97018440291499,1.45238833854884,0.955081600863196
IREpAF,2818,initial,72,1.21410239386367,0.939130992060863,1.29536358068225,1.34248993973048,0.661764242038714,1.9966097931112,0.692082365210016,1.72969176327066,0.63617939523293,1.9491219266386,0.879976987022023,1.62377056096545,1.81987624991087
IREpAF,2890,initial,73,0.921682064430388,0.708345411443608,1.58478322435614,0.526339162433136,1.30324074693286,0.958941234962021,1.60810909691501,1.44469621320663,0.511296163886491,1.64521077924873,0.629672046296674,1.30438846908571,0.665568958252649
IREpAF,2906,initial,74,1.18109926469467,0.636625626968999,0.986071273233702,1.18181074192575,0.876737364625819,1.50227021187203,1.45011746594518,1.54898727743056,1.43235614128411,1.74322568248715,1.98943869920895,0.863610129496005,1.19646807888731
IREpAF,2967,initial,77,1.3003958400075,0.708948219553226,0.909280277113765,0.608960901991724,0.848732796703026,1.70224484518151,0.543990800652505,1.29276639402458,1.97630192367411,1.29818946447753,0.767895189628469,1.44301185268083,1.41992349573493
IREpAF,2984,initial,78,1.0695493142376,0.535570555431194,0.729627355582673,0.932015858706371,1.56391559771971,1.66745708768705,0.953862210778043,1.99017535543932,1.11640737138822,1.07032877811404,1.28872673585646,0.783472218020817,0.725804153371874
IREpAF,3032,initial,79,1.55638624409245,0.90897585396261,1.05934663431264,0.888851624231441,1.34412096136129,1.52733920045897,1.29449180764979,1.5439546662587,1.16035153863947,1.51906953974493,1.37086851058743,1.84793753496864,1.78922695732741
IREpAF,3062,initial,80,1.08664595111113,0.84636965966508,1.38933544273778,0.802703871260173,1.16580190835705,1.56432803403782,0.778462913525785,1.23668653007061,0.864127308398542,1.42326405361871,1.72312732867291,0.806372788302397,1.08054297193069
IREpAF,3255,initial,84,1.42730493923076,0.960114716204273,1.68700971075778,1.48644281819801,1.05468678252677,1.94545939982711,0.938038623755105,1.25676813078643,1.08141401129947,1.75579904580645,0.629456446446046,1.35871414565716,1.53003666412274
IREpAF,3269,initial,86,1.3150792710754,0.789092607506018,1.21770713165677,1.83009717572958,1.672296681779,1.84383149029254,0.712757329101571,1.61937587186468,0.652447166542403,1.28800139834332,1.3352414652039,0.710926243558386,0.661827584204748
IREpAF,3375,initial,89,1.71781335661556,0.641411207174862,1.86131078369316,1.69315516188931,1.50733780902968,1.61773549282613,0.983088398927382,1.97361190015789,1.65436432644304,1.90214334654982,1.40099135387637,0.712048386707207,1.34329479157913
IREpAF,3385,initial,90,1.24300292380148,0.792855917034772,1.50385003177479,0.656269551217126,1.54771609048863,0.727767290004677,1.11151079762348,1.9472721360983,1.84332651757052,1.47634523811092,0.528101999716372,0.739218168722222,1.95393079229024
IREpAF,3410,initial,91,1.65039529189713,0.577982730215424,1.45234986543452,1.13439080494515,1.15609649691163,1.63833677161873,1.13297144123109,1.90399874020563,1.28546112758735,1.6955942624264,1.75174414231508,1.63742196126801,0.72505509598938
IREpAF,3514,initial,95,1.22552864184915,0.659449444341976,1.98269182673799,0.735340314212345,0.972997826118315,1.91926496738276,0.766190205679473,1.54768408312893,0.673820303461046,1.0623079104854,1.35466218781349,1.72744090883218,1.07099781745164
IREpAF,3607,initial,98,1.12371796510336,0.660237774246061,1.28967581314114,0.890791885899009,0.802559035496591,1.18871682043114,0.949273849643337,1.87719890914405,0.791563814257134,1.25024656545781,0.943269141035925,1.8441565857446,0.699890621178128
IREpAF,3621,initial,99,1.53556914928092,0.864203330873272,1.07180430671339,0.795914284370765,1.31372461725973,1.76818580603023,0.788476420351316,1.40069796473188,1.16594250979003,1.49242877603959,1.57732448776062,1.23884198375825,1.19243979189266
IREpAF,3632,initial,100,1.24176211049498,0.724611700005422,0.948571304069478,0.716304724878003,1.48403668796362,1.33926890129469,1.14470520329764,1.59380693707291,0.712416085882476,1.90341360392013,1.31562809266858,1.37638925952442,0.878592197111585
IREpAF,3709,initial,105,1.59029091616064,0.780589140559469,1.26869972433753,1.82127371036789,0.845656197704856,1.67115866348082,1.08906831203723,1.44798395486368,0.905777442273637,1.58647903843562,1.33235751572333,1.81861830867724,1.19150576816421
IREpAF,3800,initial,107,1.32849388358511,0.70664638595792,0.926469550774416,1.04152181481747,1.13323175985776,0.915460702415959,1.20230548736517,1.57817432862232,0.509554679042144,1.76557749112086,1.12332264652052,1.66077938918273,0.730167823521883
IREpAF,3948,initial,117,1.06441557064485,0.787713270046807,0.966542954372558,1.04035241363414,0.563205180838046,1.25489478188124,1.5284250697936,1.45888541939755,0.735379943116027,1.03215862283386,1.37658158804067,0.590362497835898,1.13706382206178
IREpAF,4055,initial,121,1.42593119667518,0.687547621514234,1.58121499631621,0.633825222529188,0.961743582079214,1.64798900992087,1.59465098255974,1.2485742849927,0.578440587045111,1.791846929648,0.978838784319977,1.50486810648907,0.792149783314059
IREpAF,4097,initial,122,1.44132788187758,0.681110435776954,0.677479845802058,0.578179922412964,1.31871262460599,1.96119317186358,1.61123786694484,1.2726464991606,1.5666960860663,1.35731226582449,1.68316926584075,1.3050799070663,1.34899605119065
IREpAF,4157,initial,124,1.1712457526408,0.845395523606679,1.19870467060922,1.6459130054831,0.753888088871142,1.85011262847104,1.63003473037411,1.85240541172325,0.797825318085535,1.46526874007562,0.568446643679273,0.761217500100061,1.43011813529901
IREpAF,4162,initial,126,1.03564728931423,0.622388720583824,1.45980211229974,1.86947314671528,1.99621026246266,0.632100900458562,0.915779428119201,1.97131072814773,1.57393634838617,1.81901345674336,0.669142763790443,1.23232471008544,1.0919035910245
IREpAF,4284,initial,132,1.2879627056828,0.893430554549707,1.76209625747713,1.9457954386102,0.508954996737558,0.819665603331712,1.75605974814436,1.40924183876361,0.536835259415271,1.5246513443073,1.86440452866957,1.7553652990059,1.61617439669431
IREpAF,4314,initial,133,1.50788055498011,0.646509197180746,1.34412170141274,0.92784822121861,1.36264210854739,1.66234325383948,1.0796990277168,1.54701605190379,1.91172266472675,0.987965509740631,1.44827351797913,0.555235334366797,0.963658000675328
IREpAF,4444,initial,140,1.33784597388488,0.752914792073891,0.587676030811916,1.41603831568169,1.09230321406472,1.76737461042954,0.80005106331861,1.43380493915294,1.11189835495506,1.13992654391439,1.74765761091366,1.24930457164591,0.983580518999925
IREpAF,4449,initial,141,1.31123850319167,0.674210818390858,1.27443019626042,1.65915348231937,0.825624969746512,1.81213291985886,1.63306733127062,1.32014517996593,1.28713156588634,1.22724665309587,0.685575540839577,0.771069149676124,1.39839892669007
IREpAF,4547,initial,143,1.11048632441496,0.613112630507699,0.773537329260379,0.75251363904633,1.24603992887804,1.38175495105397,1.02858184215637,1.95699188092804,1.37344379923591,1.75544568376972,1.21476634864788,0.875111836702606,0.898669368223416
IREpAF,4608,initial,145,1.10683189120798,0.530148629007988,0.589762874215959,0.770601525363144,0.845302314135721,1.83774591691764,0.687373771449575,1.48984203109534,0.893492016937033,0.924949417134309,1.81924177861645,1.87182884254004,0.738525523519666
IREpAF,4899,initial,152,1.2424480945722,0.840605145548893,1.69221487364565,1.78402227753325,1.74022935838528,0.518118258863,1.40515696891583,1.76138336489599,1.05443007552624,1.71489411252917,1.35068720262823,1.13643400597135,1.32473085324495
IREpAF,5067,initial,157,1.06369053851795,0.971989792409501,0.650807615847008,1.39232610696615,1.57018022259351,1.29603889773174,0.511084560155749,1.44274681213808,0.542565860063447,1.21721889215293,0.705006384831546,1.94157688714866,1.19789735938646
IREpAF,5074,initial,158,1.58819220859801,0.643233445583576,0.974302928672497,1.42253720485808,1.47176979513111,1.63281936360778,1.91522676768217,1.41213740237157,1.60794311082284,0.864118340154414,1.15222452720387,0.98035915232259,1.27941972022006
IREpAF,5103,initial,159,1.45993809760594,0.618381492949086,1.20065627517115,1.35660990708463,1.22616700226469,1.68396780724433,1.85595904398721,1.65912212506679,1.15953876548182,1.04408521389647,0.720872574814651,0.973481010100405,1.21521157899929
IREpAF,5552,initial,175,1.14348736092992,0.816904736570645,1.05454097434224,1.72718238175578,1.98277336043765,1.14875285476503,1.62064774352738,1.74020164233667,1.27335111115938,1.60549511693711,0.569718964173257,1.04195154195431,1.97981405397469
IREpAF,5860,initial,184,1.0306659091382,0.884381193999144,0.542813268928559,0.846484926740417,1.2086681830844,1.00375379224504,0.905863101822681,1.37785482579894,1.40023666753474,1.55536284439974,1.82839789686988,1.41007758177568,1.73596727867564
IREpAF,5947,initial,187,0.933797792346874,0.966781565812165,0.971659604020751,0.831198979200499,0.609397095358393,1.49261672466837,1.21049668396154,1.4927793986295,0.531599160104647,1.22270656160659,0.962284049837088,0.701115687387272,1.61063111336328
IREpAF,6006,initial,191,0.925533488208466,0.688243251508055,0.665941864257859,0.744161243425258,0.807346412200194,1.67627225743055,0.778331641084442,1.87560419582387,1.00302305699279,0.894004750307574,0.564967453472338,1.07606448138147,0.83000431377862
IREpAF,6010,initial,192,0.870245245486978,0.845868557836463,1.38545958827338,1.19529788677752,1.20333999027535,0.95010727504036,1.78519997103049,1.62807384588431,0.538593045170415,1.5633682819445,0.660748781483145,1.91131526501822,1.75581596973695
IREpAF,6048,initial,193,1.6949836312403,0.752848794653401,1.22618041060683,1.76779330416084,1.9330819094561,1.47683214462928,1.11988256120772,1.84713744719234,1.66465600989843,1.58423434592045,1.84393569274733,1.30295434367021,1.45525508274826
IREpAF,6140,initial,196,1.61819580211757,0.968353593373893,1.89877072796634,0.959405225698372,1.47206146103776,0.900702137657894,0.604617908429706,1.94224458796765,1.36559620781645,1.92321602970218,1.96621172003518,1.93191453898157,1.71052605897659
IREpAF,6235,initial,198,1.56545329136289,0.532028018339927,0.725582864793585,0.979812079107745,1.41892410717281,1.90928120537976,1.49115894509113,1.92157795584329,1.32551110961457,1.38300721282669,0.753353805111365,1.42140403826714,0.956271709674062
IREpAF,6646,initial,206,1.04373161749539,0.863298836710743,0.604507319751724,1.00550609013774,0.73016209941662,0.753340128498101,1.92280005035746,1.58754078139345,1.47948427435623,1.67039138053475,1.88918318170222,0.70433590321855,1.97586153283715
IREpAF,6666,initial,207,1.15337851847934,0.641593097657799,0.522115974136344,1.50992076208103,0.586064087140392,1.31058187939873,1.09919832780034,1.87540566414857,1.28301218000793,1.78532497466721,1.66131564024426,1.3594998188356,0.76369604910559
IREpAF,6900,initial,212,1.3611355724137,0.718479029789932,1.14875346870902,1.85783042205198,1.6509539494255,0.677456316463809,1.5345837091142,1.71960214590198,1.54709451064164,1.49576637366794,1.67073505579887,0.524263160887631,1.42049151758043
IREpAF,6914,initial,214,1.22381608413404,0.880046647500782,0.992985993087281,1.43585757279191,0.834239833989153,1.68590131576585,1.08691183017941,1.36358472170124,0.578739331797609,1.06285415314548,0.955645864473683,1.06080400774918,1.534466843044
IREpAF,7144,initial,219,1.2474994483058,0.815491959646576,1.17877054057628,1.13821200483875,1.4624078141072,0.663614685987555,1.47206639182495,1.76854383657507,1.5555124576958,1.83774382510523,1.33941479095453,1.7840718740846,1.61243404004757
IREpAF,7192,initial,221,1.20323814354084,0.509105775224192,1.27495274816361,0.693572341313695,1.30716031127681,0.860629431001131,1.32113083098166,1.57583768805159,1.32960252927096,1.78601689801583,1.80295896758161,1.80993903257494,0.776484841565678
IREpAF,7366,initial,226,1.133640181577,0.815761773562192,1.3267799914987,1.40343887390037,1.96038001004593,0.901163948350828,0.516661364208346,1.68442215849031,0.611010564287908,1.62714997848177,0.860422432465445,1.55496748144636,0.838490526690145
IREpAF,7431,initial,227,1.70325354361666,0.724346788388829,0.76223904755897,0.831202566107596,1.57763663312455,1.81620920870866,1.50720626727638,1.98549149622343,1.62329337440127,1.2110379951474,1.47956808111919,0.832059341841956,0.898962733657018
IREpAF,7438,initial,228,1.340229936616,0.851671436871181,1.33019730500945,0.819659177235516,1.87507142791607,1.23541587943137,0.892131838524201,1.46265014844971,0.821981582636429,1.2435690316841,0.719296297914027,1.20642358787514,1.55083175178111
IREpAF,7466,initial,229,1.33798821122124,0.923590591311585,1.75845093258589,1.28080477871624,1.73960288108075,1.00041135197535,1.3812543998194,1.23263565049083,0.666039412725555,1.53040314294385,0.594786828287563,1.54660361504896,1.24839508597344
IREpAF,7476,initial,230,1.51165860523069,0.548846221416854,1.12114995100642,0.803470164856067,1.67269048449807,1.77789412703364,1.33382285198611,1.296446132475,1.97088109808555,1.03749876112318,1.45622265270395,0.697323247766024,1.04541310715612
IREpAF,7489,initial,231,1.55230758801967,0.798874991709542,0.773775781473871,1.22558113002313,1.06065012411836,1.79025735860311,1.66710568225684,1.59733928642104,1.63542020829752,1.37138561248183,1.83168239280707,0.845753991848074,1.77430407880183
IREpAF,7745,initial,236,1.50826002075269,0.817161206558442,1.4948513602684,1.29670052611579,1.75084007829142,1.01739274882872,1.53878470871536,1.75672953578423,0.790606962785439,1.86893180652453,0.773395797913451,1.66182206768245,1.45317510691541
IREpAF,7756,initial,237,1.07839929910693,0.633798308457918,1.82058231183168,0.930894600847117,0.523585364789791,1.92421442611765,1.04243764146351,1.31146996774267,0.670753282801368,1.73653154884065,0.935518221687188,1.10533833874362,0.949514133579673
IREpAF,7812,initial,238,1.11940440092086,0.502472694737321,0.81841538280524,1.76648617752307,1.40660256005167,1.07709822557915,1.43128712217536,1.45512541302788,1.74686775652396,1.35593658812825,1.99592152474555,0.545379375150058,1.0551406501075
IREpAF,7841,initial,241,1.31055498429496,0.731226300347695,0.957709659032654,1.12118554889785,1.46567475890019,1.28253757375972,1.62970453840741,1.93394329671047,1.3709207687612,1.67076897402359,1.102255293692,0.793352582231367,1.66749216962907
IREpAF,7890,initial,242,1.36568516557601,0.523974262810321,1.67698234714541,1.9872314794258,1.66788691162686,1.66677397014857,1.68116829332022,1.24519587389395,1.26879074516388,1.59184476499907,1.2700513167375,1.83415560767376,0.969785070665861
IREpAF,7912,initial,243,1.47909571895996,0.647755301573463,1.10633090389964,1.19302779258604,1.41613760916567,1.93572891536998,1.37582254879643,1.51387530761476,1.1115454159262,1.72876735153585,1.90495791661227,1.16198326527128,0.641039007910648
IREpAF,7935,initial,245,1.28136956734375,0.843404368147825,1.78306059602844,0.893815059620838,0.671407354021267,1.54357338454476,0.801815662689026,1.38841097254631,0.784762164111293,1.74729259800421,1.19385756287653,0.943866455672424,1.45679628939166
IREpAF,8038,initial,249,1.45889428502103,0.851091113038818,1.1234611819407,1.8074090157942,1.72313847850702,1.73514367492488,0.641826879358164,1.5937061390499,0.983323155258155,0.984220701890583,0.904121909694586,1.87704714401051,1.3222895195074
IREpAF,8204,initial,253,1.4677399025263,0.707449132180827,1.5346239113829,1.02994624917299,1.73561605237037,1.44277519778055,1.18912892945263,1.85750127789184,0.906390890932259,1.54426843811671,1.95897074387426,1.40184424719008,1.17794490707115
IREpAF,8214,initial,254,0.916659186369442,1.01814655654729,0.980441743943463,0.801063879214055,1.67998225255962,0.64598108810411,0.667106437874331,1.30633840953947,0.659943650038624,1.11798149671074,0.720311895812918,0.750452819498666,0.939403479859136
IREpAF,8338,initial,256,1.45660941685309,0.655914327984142,0.966272971263816,1.39576041479088,1.72206591874205,1.75702452429465,1.79439007760562,1.41113739746254,0.523244613087381,1.7508416807468,1.79374140500783,1.29387185012839,0.631573981642434
IREpAF,8508,initial,260,1.36138750705594,0.849006745469832,0.658557314363851,0.781184746391942,1.88586076105782,1.71639570276765,0.691238856995114,1.25647679118403,1.49751788350959,1.6253935580189,1.71688600965604,1.92192151243188,1.6625155152156
IREpAF,8533,initial,261,1.46732837589215,0.664659246183165,1.58183131846184,0.683484931106169,1.8264576346419,0.711506275842495,1.87591480696992,1.99063468762905,1.17933897796928,1.94289027555844,1.43186837693603,0.766118774672515,1.28276416239428
IREpAF,8567,initial,263,1.76612950160406,0.606494747615643,1.35032373170303,0.568543438513953,1.63845697397783,1.72909974626466,1.41536319907452,1.90061322315977,1.45101785643909,1.35333099832258,1.36835283037044,1.73896117051204,1.38683455650013
IREpAF,8688,initial,270,0.937841929319786,0.684133070364804,0.751258741023295,1.86884419321151,1.14117817577669,0.608671399146307,1.39819948598132,1.37351108367142,1.84110431666427,1.58899907898595,0.792360550644939,1.73595779579641,1.43911139784723
IREpAF,8792,initial,271,1.2194189420445,0.59070178772175,1.86584224107311,1.20287002151967,1.44974248603486,1.03381651418086,1.04155554885681,1.33944687808135,1.24573217001765,1.04032248678676,0.522827072630653,1.71816196235554,0.993905811621942
IREpAF,8864,initial,272,1.51447300178123,0.706019154306655,0.514803520859734,1.08532418918002,1.58694763503689,1.98283805107232,1.09583391736494,1.56883074951325,0.82862343496362,1.92344456921707,0.916768086174776,1.7744656546378,0.564120720403697
IREpAF,8947,initial,275,1.16240163886761,0.528253882397877,0.675305681809938,0.620262679308034,0.650756891070024,1.53310696877707,1.71923908515592,1.45603005036611,0.891593479913532,1.5585557385611,0.786321728493068,1.85714625197591,0.661359801863022
IREpAF,9284,initial,282,1.33687805524061,0.769899532200093,0.854476985120954,0.660376733275117,0.882140632883456,1.9498330427528,1.28501449843921,1.48366048967026,1.14186651163311,0.932373637792086,1.07718131569981,0.507751430378745,0.951670298813382
IREpAF,9400,initial,288,1.48969708106807,1.00705277498298,0.641975480740443,1.24513198162973,1.13118171200607,1.92887013435614,1.11007048249843,1.53302586012675,1.06349495901177,1.39163425744761,0.572157633607211,1.04512918810553,1.12410844395276
IREpAF,9415,initial,290,1.13663710234634,0.954154594249192,1.64539351723491,1.52154275967904,1.31842259058608,0.953294147043889,1.83596920128223,1.59433446439308,0.864298813250849,1.93450777363423,0.632579133401328,1.10551876027985,1.85592171577779
IREpAF,9522,initial,296,1.06035286941101,0.685060429454565,1.45999946477972,1.54239664071937,1.0297677260496,1.12710010172564,0.715595324980939,1.43020125344174,0.827204680622361,1.25097348827938,1.16883309126399,1.66576778373867,0.640206681673344
IREpAF,9565,initial,298,1.28504848676099,0.825701557036201,1.22731987512681,1.50823534809525,1.02324767461739,1.65796793121364,1.09301651173572,1.47770970808814,0.531115478363823,1.2282089297488,1.39612419514347,0.979138462255191,1.10022125012702
IREpAF,9567,initial,299,1.18256658280347,0.800353079180105,1.17079710474307,1.46076030937898,1.43093787580384,0.737368909161816,1.57873391250874,1.53806265606957,0.61369182933746,1.46236553423539,1.93591719875651,0.90980935594008,1.02611075934225
IREpAF,9615,initial,300,1.4760784880597,0.760979951640588,1.68155425837429,1.70973339365969,1.91531908166355,0.973103619830195,1.22474182387392,1.52598331384919,0.523565921892773,1.11247020019023,1.3531173697026,1.65367650142082,0.874475560025841
IREpAF,9902,initial,304,0.978567210592797,0.606883761566708,0.581562615822384,0.716762875421334,0.829060925162462,1.27821313990448,0.863265094465962,1.84958998334814,1.38499337826224,0.965241828118752,0.828389878697402,0.851140122470901,1.17085928489704
IREpAF,120,additional_calibration,1,1.2717155156535,0.652770200617665,1.36890844131359,1.01803707392677,1.10714461108747,1.45589318676836,1.73042805358751,1.5228093727475,1.24735529033225,1.89081834522232,0.862325772438326,1.09692295700364,1.5863277645955
IREpAF,153,additional_calibration,2,1.60816303405792,0.740410722433496,1.88924440844339,0.713191511294635,1.1268807566996,1.90282571300616,1.70651127491747,1.40057950578055,1.1154189789699,1.73451301886923,1.68426891800709,0.635268954195552,1.65416963690441
IREpAF,438,additional_calibration,3,1.08108718654098,0.761750156673313,1.03471621313221,1.75775531708985,1.03545316823208,1.76933235761897,0.80919553434197,1.19952506476151,0.769773388047177,1.95249899238375,1.75657475323292,1.21451970163925,1.73439707265161
IREpAF,465,additional_calibration,4,1.01280382256944,0.585524369806408,1.60418430793,0.753224388040713,0.819190058479332,0.947404578569493,1.76477210796298,1.86853410689178,1.77355764558892,1.96859392910945,1.22243823640976,0.889447549056048,1.86458334267944
IREpAF,493,additional_calibration,5,0.837235607076597,0.841911458111164,0.980224309762888,0.724489874641438,1.07113547752511,0.797643930607641,1.3791819068686,0.880790218916984,1.21409527263093,1.54834886028135,0.706626074027785,1.02975776339949,1.73105407653115
IREpAF,617,additional_calibration,6,0.947866628235324,0.509656946775667,0.869763434448438,1.36446624935465,1.87415224497829,1.37977033410649,1.19904752941978,1.10065204618294,0.768726619020854,0.879931723922571,1.51251273032779,0.542803073065646,1.25065863542601
IREpAF,635,additional_calibration,7,1.13065133022499,0.669560513197543,1.61929007065858,1.22883185389062,1.21008677959794,1.26576975591381,1.48829438327386,0.666688719278615,1.12460710658271,1.79702568262639,1.90251515344577,0.819080533575848,1.3176258155425
IREpAF,714,additional_calibration,8,1.1309646046668,0.754997340646185,0.622822987288096,1.5846114741383,1.59656782813243,0.884668555983172,1.33802440457077,0.935472605311838,1.16276527245528,1.23214843374851,1.51974554378362,1.62356251536278,1.83163956435845
IREpAF,740,additional_calibration,9,1.25089016536624,0.785223946946846,0.693434878518988,1.68908748672033,1.49579114564134,1.65676998721075,0.987688510596563,1.96003596593893,0.534935942410885,1.47837446639589,0.979455974138384,1.69488613015618,1.60158808369699
IREpAF,788,additional_calibration,10,1.21800298302995,1.02243020891825,0.625314939820229,0.718466713411088,1.64036915201371,0.828187490857502,1.78293934632816,1.09197698882296,0.883145894070649,1.16317374692459,1.57176357991025,0.512066179474862,1.71498668010484
IREpAF,938,additional_calibration,11,0.928354426145901,0.57625130780783,0.972301026653483,1.06608433837025,1.267769273488,1.21434704856495,1.52746821928715,1.83726245293692,0.674563545642788,1.80708124498459,1.00998361315939,0.788271672837356,1.04925643957428
IREpAF,955,additional_calibration,12,1.64554297339295,0.989474843353505,1.90490618034043,1.7803666520142,1.90069071593373,1.93260215845847,0.670211794480557,1.11740608629596,1.04835825647229,1.67351364277353,1.91897276496501,0.862234212237859,1.76181428060847
IREpAF,969,additional_calibration,13,1.48040844394352,0.595433565625984,1.67291896885993,0.583527063012193,1.39583691937039,1.77005942806864,1.57450353468243,1.35643573981337,0.852434443881645,1.09720298208756,1.54623477952137,1.78214683601985,1.76566500550515
IREpAF,979,additional_calibration,14,1.25198054461354,0.648993348056541,0.794229375134627,1.82280167534949,0.71594609254526,1.23142781567554,1.37075310450999,1.44498444109496,1.04897054057387,1.45205552498752,1.08184107357114,1.48331893443886,1.60993056761411
IREpAF,1078,additional_calibration,16,1.28461103256469,0.61484039602459,0.513206692076862,1.10667734702142,1.47408513898978,1.96821174032448,0.786374779505139,1.10427269347824,1.8227374331068,1.35529298687519,0.866642118129342,1.33270003249808,1.25310711748028
IREpAF,1080,additional_calibration,17,0.774757624006524,0.745470931964441,0.871140794379233,0.829242011352074,0.895067491561858,0.771726553721003,1.02365408651296,1.48117268961705,0.711610019839674,1.53678672333881,1.94353412337355,0.762022864859682,1.55569078073115
IREpAF,1132,additional_calibration,18,1.2560428034001,1.1160578785694,0.65430442418878,0.661711113892321,1.95712859680368,0.64298437641819,0.501119872361818,1.0150992960158,0.837356191081985,1.212515477564,1.34512934563517,1.96367165294948,1.86345989086439
IREpAF,1133,additional_calibration,19,1.06292475522963,0.515467919086445,1.83722558200822,1.816190415029,1.31312879787603,1.82035476668235,0.8832746021575,1.04099403153713,0.623355098033498,1.53259047624336,0.74276039074482,1.02215414806794,0.513514633072692
IREpAF,1152,additional_calibration,20,0.794865336725875,0.650837471684355,0.973104794290532,1.78662953731709,0.662813095117696,0.720347387990705,1.25116080306791,1.28843471967087,0.699980206062427,1.26654206101199,1.85501546445415,0.960402622861032,1.27727340538103
IREpAF,1175,additional_calibration,21,0.605592715889715,0.655601276713201,1.25086406599644,0.523846484412924,1.01409578250062,0.992043588610773,1.29736419327195,0.656589321956941,0.563374064014613,0.594839240369521,0.837185809752754,0.674977430218522,1.83023777521394
IREpAF,1202,additional_calibration,22,0.928642007268633,0.751564856497516,1.95054587417126,1.70486765453108,0.6402722444175,0.824636563994053,1.48654576862385,0.771466800847421,0.976403262098966,1.73695726188573,1.40490320265993,1.58270517239817,1.9002129594548
IREpAF,1291,additional_calibration,23,0.836015540021402,0.801997115236413,1.85819080567882,1.88317808980014,1.58033747497718,0.603905407375246,0.5925166397416,1.19310519309368,0.7867759350649,1.28944919392636,1.11698028839319,0.95396753527024,1.9256068014454
IREpAF,1403,additional_calibration,24,0.902232388449248,0.950555994063964,0.795475131917507,1.15571032912528,1.36755660565612,1.08281641037773,1.78844220772338,0.742009472879882,0.537177698653248,1.7611395682211,0.722988366878183,0.749099418991966,1.64083913966158
IREpAF,1444,additional_calibration,25,0.913822326136622,0.536441062722905,1.84558651586823,1.75308366330078,1.87094135456823,1.20769394119164,0.571720833953703,1.89639420232864,1.1955229580072,0.930641301270357,0.516851266069487,1.18713176664056,1.67657855165001
IREpAF,1485,additional_calibration,26,0.777693770638582,0.546614100892993,1.26421134713083,1.14473335527375,1.59828048160901,1.10972200797294,1.29158698214548,1.24713316592226,0.51779606304015,0.634727929264404,1.45191173259733,1.97911639542069,1.90600476907135
IREpAF,1522,additional_calibration,27,1.46285605847978,0.621116719355702,1.67132992758214,0.57766239065799,1.26242340485008,1.9248534201771,1.907817393978,0.6577348869291,0.876120936439518,1.75791340233203,1.87721628737047,1.2362044879313,0.767359569014496
IREpAF,1590,additional_calibration,28,1.31552617619665,0.584467661896437,1.94240399560451,0.935699613027468,1.12415215512119,1.11531009923883,1.20918528763267,1.13395920819176,0.885002176614761,1.24736727560457,1.68227396562703,1.95489048657977,1.00576303132204
IREpAF,1603,additional_calibration,29,0.906032520618169,0.590154064028144,1.31187088232518,1.32036100145785,1.02199042961085,1.90709456697229,0.751287205531154,1.01015809252547,0.884624326179452,0.957855779679151,0.566154736200344,0.948390841912473,0.796669201693213
IREpAF,1608,additional_calibration,30,1.13613785633345,0.557066193031796,1.5699961197817,1.07393623460866,1.016718825863,0.634231795234563,1.61465565772065,1.21921057585975,1.68038619221897,1.51850987896551,1.93286012100376,1.92877612622716,1.68366145466694
IREpAF,1752,additional_calibration,31,1.13207597047965,0.632821242820143,1.26797771476937,1.63822845239809,1.51172651701259,1.52324837364834,1.81693694066471,1.54819177643025,0.755087658672804,1.4174654883814,1.49235455410353,0.935433098833441,1.6229411516957
IREpAF,1841,additional_calibration,32,0.681790713856678,0.555992356351394,1.46913795750699,1.90909702904796,1.30553880886753,0.904330986502762,1.11583362848512,0.949666468778942,0.934756985435527,0.920686958963748,0.656637865059241,1.67560930147055,1.55609854789625
IREpAF,1858,additional_calibration,33,1.23461290748387,0.655827641544152,1.48041245619137,1.72081157796622,1.86485147475999,1.83172530047342,1.74467984077386,1.84161256426958,0.564168355005099,1.37343710691948,1.52101451790397,1.14415062216144,1.16872407852604
IREpAF,1972,additional_calibration,34,0.946026609611606,0.587912345797219,1.41887953371296,0.880099037529147,1.32778383171127,0.767148219715597,1.20520729771814,0.788838472128404,1.29576483678373,1.00901621203432,0.768352139869676,1.27398261090786,1.88045445831984
IREpAF,2026,additional_calibration,35,1.39191428405501,0.892055335191702,1.2546273211175,1.35343807919833,1.58319833768554,1.11037114737943,1.36573936152445,1.16874380042126,1.06619151694394,1.61773146148506,1.2714058300264,1.18557861636649,1.85152846837546
IREpAF,2066,additional_calibration,36,1.29348581972327,0.738642776090328,0.871415742132328,1.14335441283276,1.08613461317382,1.87086153012696,1.03381020919607,0.926432786285313,1.14584242198406,1.39011177693918,1.34962476468432,1.39071165669495,0.882615050196545
IREpAF,2109,additional_calibration,37,1.07228944446412,0.506301986387698,1.81313217757123,0.602129813720347,1.85844371088398,1.36926774666296,0.525523242941295,0.923098512384274,1.61911180762118,0.785813566291806,1.19569852608776,0.692945941981767,0.81733342787921
IREpAF,2156,additional_calibration,38,1.19340476797216,0.677108109387779,0.914606040523637,1.29881622432215,1.74494322568585,1.05599679244197,1.77764968740376,0.975956237072098,0.722438651067495,1.88172200624019,1.12672767677797,1.21857742189123,1.02007539349836
IREpAF,2195,additional_calibration,39,1.38968332422789,0.542498251256448,0.882141382557122,1.47011429282388,1.22206897929374,1.43326229607894,1.18933605888204,0.880857600148325,1.44956848273972,1.17485644280265,1.84850745198665,1.48658340478878,1.84116631250598
IREpAF,2347,additional_calibration,40,1.13003411848013,0.545864591566171,1.81581849756109,1.78469664936492,0.608608716560973,1.00668686430187,0.613813671574502,1.87670525656547,1.02472860350877,1.3022930542898,1.69153573322831,1.0041760804674,0.829361686701608
IREpAF,2382,additional_calibration,41,1.08200328357318,0.602355633123994,0.896908817388005,0.518555217408025,0.626675118772928,1.23164297530706,1.52942406477442,1.1056169864612,1.25184376516016,0.867004978821238,1.24361771760268,0.996725865619182,1.51319144831417
IREpAF,2384,additional_calibration,42,1.31486143629435,0.642172895615664,1.15733276567173,0.79163244812933,0.654361672176457,1.57769431108124,1.66511192970286,1.52384210326403,0.922702983805287,1.87349548192584,1.52688892889876,1.06887780970793,1.27551446540695
IREpAF,2430,additional_calibration,43,0.893572844127406,0.603721795863449,1.65889126576927,1.88696981028311,0.693915460579257,0.92230352186364,1.69727863294449,0.954536721641909,1.12853219607213,1.67524270414078,1.44213425075329,0.815042533408609,1.79846492644073
IREpAF,2466,additional_calibration,44,1.07602964740326,0.822453294985496,0.596532991309485,1.86313071795407,0.771295138170851,1.79766699537196,0.822171296594381,1.85885725980888,0.995737446535979,0.921621142837487,1.14718203903747,0.897089980353291,1.95599834537568
IREpAF,2488,additional_calibration,45,1.06757774398653,0.531341725093554,1.26728856132778,1.40215280159124,1.97390176962435,0.570248559383067,1.4305032765761,1.03443771252875,0.854081580577803,0.770020647139991,1.01353479245266,1.35462073012145,0.761479167890765
IREpAF,2503,additional_calibration,46,1.56156762743728,0.889348565774757,0.58429419793875,1.29858854851766,1.81567378403261,1.64536813727422,1.10484367677028,0.948726721243942,1.42706744701097,1.45405564430295,1.30041122678716,1.41553395644016,1.89457700367169
IREpAF,2533,additional_calibration,47,1.09126990247838,0.908313471182709,1.19061159658971,1.67817582788949,1.59845557341842,0.546557506013579,1.33754328086893,0.883536755093189,0.818848636051505,1.72936377043311,1.96595896512494,1.10192632443934,1.64353206559419
IREpAF,2555,additional_calibration,48,0.772095949406975,0.518029890613328,0.506715812275174,1.17749393787798,1.67074349547955,1.08353891248159,0.811360093133938,1.19874379689049,1.37712290951964,0.910385845451198,1.21503681109664,1.52062232207061,1.63606023640795
IREpAF,2568,additional_calibration,49,1.34885451380531,0.596008682826612,1.95612966012812,1.27543885725022,1.78307055068646,1.5799939057273,1.47332829585368,1.02681662984784,0.834245529272953,1.83301181883713,0.92838090359279,1.14199751063183,0.865925357750239
IREpAF,2581,additional_calibration,50,1.6161568174222,0.53728830576477,0.933169338556265,0.899140329235385,1.5472709031626,1.64780844258241,1.41305014983482,0.861928957319198,1.92252649089171,1.28388298471576,1.95550877017591,1.91315343324039,1.77342393762529
IREpAF,2674,additional_calibration,51,1.09421822423795,0.581598527126325,0.952583368123435,1.33564931341665,0.754417975242194,1.49976203385462,1.40282921468607,1.56803304506654,1.36241056458676,1.48050069006038,0.999249043720733,1.24376876017063,1.30484750281563
IREpAF,2721,additional_calibration,52,1.06346125591955,0.837984546034609,1.56405942966008,1.55984392597771,1.66766166266005,0.844240940251149,0.961807442652949,1.31324434998115,0.522279509041614,1.26521415169855,1.78385460044422,0.699241650286015,1.80323981817584
IREpAF,2804,additional_calibration,53,1.01486795048692,0.51171215479654,1.80390860738481,0.663312699148355,0.881810780453825,1.75954359904171,1.11523253874032,1.70665330704528,0.839744862472718,0.871823232368291,0.909973674509532,1.532845000499,1.44803677750349
IREpAF,2820,additional_calibration,54,1.18178833801352,1.06737354898887,1.00013787330685,0.819105413984075,1.97906640508036,1.74808934708228,1.08289699840501,0.952229759133478,0.534051809056499,1.4242504030935,0.960012754085917,0.782485188586676,1.42238877523516
IREpAF,2860,additional_calibration,55,1.37799317149543,0.716216905508777,1.74042101060888,1.1384881579938,1.59261956062023,1.3009886610563,0.568106480577538,1.01683552674959,1.75325361272251,1.60693150873225,1.64287670572615,1.88641859701426,1.76718222655819
IREpAF,2869,additional_calibration,56,1.18520147004647,0.581059732236084,1.86183273405688,1.43505169861961,1.03909696641147,1.15728884966245,1.09241034494673,1.9091368186368,1.98853560981044,1.75783674337084,0.820639624655777,0.725594087336881,1.61366868915955
IREpAF,2966,additional_calibration,57,1.26299018878065,0.586664353577414,1.7997892902748,1.54017263257427,1.62786344724082,1.50709582926921,1.6849094118881,1.33640490063465,0.587363016929737,1.32877852293618,1.41641290359461,0.969264879947374,1.04247209054813
IREpAF,3001,additional_calibration,58,1.40653922266395,1.07271842499677,1.01907084785869,1.68729085879884,1.83342919809085,1.53646488798643,0.977963152365872,0.891065751742596,0.799969519502483,1.9246243516328,0.66150723153072,1.76206374939151,1.89641567566488
IREpAF,3023,additional_calibration,59,1.59224395543699,0.832025171703127,1.79547651421135,1.98557213569215,1.3794540277009,1.67258544108106,1.49633569380451,1.00650526621607,0.688262068187139,1.24956579669612,0.814448150053369,1.92551045259734,1.91559341697217
IREpAF,3198,additional_calibration,60,1.78144415424849,0.94382347135841,1.84266631093838,1.2407737130406,1.90185625342035,1.61803139449846,1.72166141469968,1.05054038580264,0.808601995911622,1.83373208814678,0.758000897132196,1.36700629137466,1.9905971551831
IREpAF,3278,additional_calibration,61,1.05171290766388,0.595185645477403,1.2340281989303,1.47169650866338,1.04423100465701,0.803076297264858,1.53569674091865,1.88001584321402,0.558119191264473,1.99399082151016,1.87939458735717,0.891489440282456,1.20632386292868
IREpAF,3285,additional_calibration,62,1.06832279340096,1.11260111122208,1.4750665063712,1.15945064575629,0.916570534580834,0.785431091109918,1.87911579034843,1.22780781174018,0.522691771924783,1.72213320708809,0.580796209946811,1.49000675977936,1.97962459574742
IREpAF,3294,additional_calibration,63,1.1105806883901,0.708972248837229,0.850502282121475,1.26834161208596,1.27546061541971,0.71514183097458,1.3468296267391,0.937377436154391,0.916810203468233,0.949541306907645,1.7677301184982,1.39118944440756,1.55251197531725
IREpAF,3371,additional_calibration,64,1.01772653079714,0.511898275538257,1.36982287361534,0.609706750187085,0.797699124913865,0.891744205785766,0.721399545720164,1.61578721797616,1.74260666624108,1.55327625709024,1.65097596435574,1.38987037435571,1.82291422029723
IREpAF,3442,additional_calibration,66,0.676060813921036,0.822289009314823,1.17681432782623,1.87689161808607,0.565498611381476,0.74131401186735,0.687018237703569,1.57626634603843,0.835330778640765,1.22026192414095,1.89689594584133,0.744218889945679,1.60553795709384
IREpAF,3521,additional_calibration,67,0.948571854147152,0.599193684040989,1.77940540844921,1.21076680651683,0.92192540663754,0.800081447799713,0.94308851555096,1.46040034212829,1.84636945045019,1.83203612077376,1.48179020243806,1.06501456269884,1.83329300829701
IREpAF,3558,additional_calibration,68,0.826428924185973,0.526349596298688,1.24116748697615,0.706327360514741,1.17190861653892,1.52112692069982,1.81826354911118,1.82490120776907,0.515662842064621,0.984831430013005,1.55665092827517,1.61389762005969,1.45813763570758
IREpAF,3587,additional_calibration,69,0.969151041541634,0.501315028988898,0.995274818518501,1.21728788240454,1.15295509033533,0.77960240442708,0.893878749455232,1.38146298131897,1.4653695945427,0.919796883228725,1.31084652507978,1.4267760465418,1.67626595083539
IREpAF,3651,additional_calibration,70,1.09435832407668,0.874294096479372,0.541543600135744,1.0872276363271,1.8071752749778,0.966779353125504,1.30107157153025,1.12108525080177,0.789679940145044,0.99313574566431,0.833301619869531,1.34912577910412,1.66811730849753
IREpAF,3718,additional_calibration,71,0.994546724353601,0.612434856159565,0.730377926213716,1.02333073554428,0.549498917769475,1.34585478863853,0.994183894820647,1.48213335266505,1.62197984880955,1.313108457899,1.28562339957427,1.24568289532134,1.85749083857169
IREpAF,3802,additional_calibration,72,1.00239701195125,0.556671562303348,1.01174707948045,1.78522115677861,0.889589960975381,0.876001595535642,1.02618594911902,1.49551804532222,1.17763693857544,1.03444578969909,1.37341068868525,1.38482847643999,1.27739706256416
IREpAF,3810,additional_calibration,73,1.17009387667627,0.651303745421102,1.83185678041617,1.46567336350579,1.70643678758834,1.07298917252529,1.6601948847385,0.883633441525828,1.34126874636583,1.83333362400655,1.32431517988642,1.21371685708176,1.84361025622232
IREpAF,3821,additional_calibration,74,1.02674007623137,0.525153953514451,1.52172512810964,1.69270107154899,1.90839626676454,0.902107299532753,1.19201298622063,1.01307176151617,0.824760231898988,1.56218464710354,0.916521087468355,0.76271685025351,0.62766097125042
IREpAF,3843,additional_calibration,75,1.15879021241858,0.63925509925345,1.0919135166705,1.44346277127902,0.688857300321772,1.68481051588315,1.61284754735593,1.57721834968115,0.662653491578084,1.76839442960173,0.907480156229862,1.99106381112573,1.29177481958168
IREpAF,3855,additional_calibration,76,1.48787232298113,0.714093463872988,1.95461452301734,0.848614455431267,1.46551614860709,1.95217630913773,1.12965143463647,1.78042169829174,0.754352111746478,1.21439504251825,1.15423299815421,1.24610566347749,1.39240295712376
IREpAF,3984,additional_calibration,77,0.820275231664905,0.744894121330978,1.70799397579007,1.83483858847958,1.78344900667393,0.798887509915688,0.704254835045346,1.37220215271671,0.700363970702426,1.59736099952806,0.913807631783178,0.551661309228329,1.26614493722508
IREpAF,4093,additional_calibration,78,1.21558069388928,0.77957227825095,0.673278980286049,1.78386709914907,1.21333116644421,0.922649268738291,1.83364680331404,1.56953833058334,1.28860809236317,1.08383563265577,1.8447434004014,0.727791861365596,1.99051393936078
IREpAF,4131,additional_calibration,79,1.2549664657061,0.742276793417628,0.651406913113328,0.838040561939383,1.77482795461158,0.752770454478078,1.61929805115912,0.734073420375167,1.11054283982755,1.23891557328631,1.95077107366681,1.83288365004781,1.48196347254771
IREpAF,4185,additional_calibration,80,1.39774888100086,0.650460991115334,1.69449725234908,1.91400243233888,1.37530098193529,1.90457468707596,1.70692755632207,1.0687606642058,0.945635845731098,1.8059469636223,1.83678819818521,0.528876279461928,1.67094438997411
IREpAF,4290,additional_calibration,81,0.893125396897,0.517903018619387,0.912521067915953,0.76956445588741,1.16308341091133,0.742969222142704,1.26323385023282,1.52948168062958,1.71879148473023,1.8309619928596,1.47609631048753,0.57607522582619,1.15395141788139
IREpAF,4358,additional_calibration,82,1.27046628040239,0.626925380082128,0.891952274884694,1.91843552818502,1.48058125447275,1.76013531658249,0.860396211347201,1.01711977642488,1.32226179490047,0.973110971706873,1.82664336108953,1.06994174896904,1.23238865100466
IREpAF,4469,additional_calibration,83,0.67400181455139,0.528002923677353,1.81471066821822,0.833873897355332,1.02215884410776,1.47110604133576,0.653954324345851,0.762546816768377,0.764687789831941,0.9774476843056,0.989812118167601,1.90824952552173,1.47124064946264
IREpAF,4583,additional_calibration,84,1.20706113687261,0.603330938601877,0.560984802019458,1.31083405269901,0.853685159436937,1.2290643144722,0.557458078324307,1.95075065563872,1.52754271498558,1.19175402999718,1.75054095739469,1.40512823886904,1.65968424845089
IREpAF,4676,additional_calibration,85,1.15093026153476,0.97350087685705,1.67620020089866,1.72759409888803,1.3264040100032,1.29553195590981,0.657040002428604,0.943422494229451,0.88799138499574,1.86068745133704,1.51851592275055,1.73249349266766,1.44175319062755
IREpAF,4773,additional_calibration,86,1.23365526571478,0.570222971718126,1.35448904196439,1.00843434905294,0.980739195527479,1.36244677776393,1.38689404379683,0.77952940868534,0.913878376399434,1.06655690854892,1.45042213787173,1.81224155732712,0.815051037444816
IREpAF,4841,additional_calibration,87,1.16443732042287,0.645251450326306,0.846648195647637,1.67885761293069,1.396261641237,1.51918304475743,1.98697698779279,1.01387393909587,1.44786066213164,0.985420508708566,0.502021359829328,0.895304693976718,1.5288457141864
IREpAF,4898,additional_calibration,88,1.62794158938134,0.605356134154044,1.69472314173948,1.83026187703867,0.983796276756369,1.54829082735491,1.42308353828585,1.61967856095481,1.05235964778841,1.98637011730152,1.87612816269993,1.92754900640214,1.84254727176581
IREpAF,4955,additional_calibration,89,1.38961949220211,0.597502237795263,1.5829180882742,1.08959005597472,1.97671769601424,1.21483729548964,1.32526954562272,1.78177906062175,1.24816245066492,1.42652777123578,1.6801651699197,1.20548817783181,1.9533253512866
IREpAF,4978,additional_calibration,90,0.741442874469217,0.500594139107886,0.537727455623879,1.08584511738834,1.10742064733496,0.984852645012791,1.08643028741575,0.832266854899147,1.52304871926482,1.02097742837182,1.68090568467311,0.653131136840721,1.86071109002665
IREpAF,5147,additional_calibration,91,0.907350570354567,0.521180789788867,0.773014993989286,1.6361750401998,0.700132747648866,1.11467306356662,1.64210609458,1.34390403659591,0.954447982475636,0.696221201532422,0.876771103348578,1.08447290634182,1.35082255081612
IREpAF,5242,additional_calibration,92,1.68780248622008,0.597772427018488,1.34005453888443,1.97791816038025,1.92111263327482,1.8978949519298,1.650449895691,1.48610848582231,1.35485626891644,1.70095031939117,0.71526654992123,1.49622992482445,1.36042423933326
IREpAF,5263,additional_calibration,93,1.23340890315078,0.687824254486562,1.66764286478596,0.996935437068312,1.4689648391141,1.98882419231163,0.835349708615664,1.78496368849543,0.657152487122083,0.960946296168863,1.3831049650998,0.939935184442392,1.44970284154538
IREpAF,5270,additional_calibration,94,1.22034871639898,0.769340399279491,0.616887630484643,1.73078444642216,1.64603284132633,1.17304033023336,1.65471016477001,0.841065622139196,1.1352278456424,1.74285933356906,1.697452928188,1.55824252978078,1.48487680200347
IREpAF,5283,additional_calibration,95,1.41915470843255,0.514590756500088,1.71155950499847,1.61344681722111,1.8536073563512,1.97056824613538,1.44120869974387,1.52167290240867,1.08057118577495,0.814229197927489,0.94433682498377,1.16112255540094,1.8147445872695
IREpAF,5382,additional_calibration,96,1.12585835859456,0.681463038442855,1.25193521356702,1.38878275568797,1.06321162832604,0.660962031970572,1.7420207212585,1.11447188088891,1.06545562626979,1.58628666099869,1.80541048702737,1.66411206472798,1.38386140969478
IREpAF,5495,additional_calibration,97,0.651937837676483,0.806784444730654,1.49302449075297,1.65473494493984,0.827982590716454,0.795823689295946,0.988088137393711,1.12940728853118,1.02761011067476,1.18489069053505,0.594902097145676,0.906224489472033,1.61400783552443
IREpAF,5597,additional_calibration,98,0.705762031287256,0.616744729011348,1.16805971781046,1.28312197231599,0.814821537072486,1.33100275559626,0.876126799518799,0.806174986869254,0.676243143083875,1.30193228694135,1.81517110127605,0.740671384109779,1.51935011211198
IREpAF,5598,additional_calibration,99,0.927214901800113,0.936824072685814,0.857340180451133,1.61053079654629,1.04341521512563,0.78970411323444,0.773663961105906,0.94448157026102,0.62151836930146,0.784150544482897,1.58620365843813,1.34510614323595,1.85785605683248
IREpAF,5745,additional_calibration,100,1.39123230958872,0.773353735868935,1.92699918522621,0.695518512108506,0.729911374209641,1.95298077660949,1.27769576418598,0.835257761423127,0.625458137161626,1.50494823677701,0.544186813363165,1.97605927242445,1.52776674624555
IREpAF,5767,additional_calibration,101,1.15902618874484,0.511119184305404,1.98039019849942,1.94019920482728,1.70392599662812,1.19299508806545,0.939285066252731,0.664976471643166,0.854308711040212,1.09212559080432,1.82211933242055,1.3618238363617,1.45408291657165
IREpAF,5843,additional_calibration,102,0.961716789884298,0.516506749586392,1.94317484252025,1.70540943985513,1.03579472805025,1.92974908684707,1.69948345829548,1.03055055946856,0.797972605146988,0.941913651150506,1.25419951425852,0.572468245942612,0.98108461492638
IREpAF,5874,additional_calibration,103,1.28053011035615,0.567931159979056,0.908910209833918,0.590572941854809,1.95072416802095,0.989312082143899,0.926818651528499,1.14759529324757,1.37419555351679,1.43405218406558,1.42557706189901,1.62823074686812,1.16236483005875
IREpAF,5931,additional_calibration,104,1.53223970542404,0.737693130967327,1.68994489115111,0.677525540681301,1.11389997356974,1.90974551380691,1.20920312747347,1.80931422328185,0.976839664814495,1.6264621140403,1.4926830589879,1.74219087081075,1.68487191113386
IREpAF,5995,additional_calibration,105,0.886157103550399,0.902841748616428,1.34092276563315,0.87418639378019,1.40152223353365,1.33371028872186,0.991670147748932,0.560149116638551,0.642291775031202,1.12043487580229,1.15214368442067,0.531490440515442,1.45190828938868
IREpAF,6004,additional_calibration,106,1.04588400305744,0.55921211703324,0.617097290622134,1.67962673332462,1.72222513563886,1.13306131954617,1.94857076773577,1.90967369721732,0.74063836624708,1.41350087871258,1.29591070076403,1.62958200813831,1.73081482305607
IREpAF,6043,additional_calibration,107,0.995774706865637,0.99701180046323,1.2416285416504,0.903648028373933,1.34001746322133,1.04247851666015,0.827814987884672,1.19863180028001,1.09580919449733,1.7094557519341,1.08804290028957,1.13741309234735,1.85995258219495
IREpAF,6301,additional_calibration,108,1.55210201753185,0.611520363392061,1.29424957213141,0.750025171200115,1.60061478418393,1.5219548025253,1.95635258283788,1.82828895980104,0.939147437238272,1.12604603600981,1.948866191261,0.895944875553409,1.48018199974783
IREpAF,6333,additional_calibration,109,1.72871245960326,0.54371934510092,1.77797212376589,1.61414674012306,1.17827723755437,1.77104789289714,1.38165233874712,0.971036400750237,1.68086571601482,1.00438847685357,1.73195906323817,1.71071161743415,1.47841523396669
IREpAF,6448,additional_calibration,110,0.77079081004196,0.526631961639708,1.91009010126515,0.860648944564212,1.09846372151369,1.47380643753584,1.39746618917613,0.95766225746523,1.03578740330887,0.777094800855056,0.71414605082278,0.816183760273813,1.81800408640012
IREpAF,6468,additional_calibration,111,1.52148462292918,0.626535573937296,1.93929417444995,0.543637556134045,1.72522495495376,1.58390911312644,1.54824316757144,0.960109913371444,1.1798842562033,1.17773550346473,1.04538365516874,0.999334363639156,1.55300794795127
IREpAF,6532,additional_calibration,112,1.72235428431093,0.545904673897861,1.73733325453532,0.930784847331721,1.99331981541358,1.88063280987653,1.68224838824177,0.90853241708201,1.12883093009487,1.63353285098342,1.85558705054025,1.42227447467838,0.932793681629244
IREpAF,6538,additional_calibration,113,0.652563648983042,0.653037534319591,1.24326504909914,1.58035456938029,1.72236726860538,1.35144236111471,1.29914971356337,1.62786701484454,0.764243696585071,1.04117943197844,1.14773180119792,0.777495962514991,1.8949550800273
IREpAF,6572,additional_calibration,114,1.30576160702609,0.557476013218587,1.0772760942418,0.882952814983255,0.770775178328679,1.78808711715458,1.37524853639569,1.3443856342273,0.566197376006455,1.04509478373804,1.31957485244412,1.84573443647936,1.08638744097282
IREpAF,6677,additional_calibration,115,1.04050715036561,0.63554763751668,0.856650648505783,1.74081130276145,0.831796041923256,1.06721906515773,0.862820285749552,1.4228902792469,1.00987568244836,1.34405876335287,1.21197935898382,0.939177551891676,1.30333971151329
IREpAF,6714,additional_calibration,116,1.22062459798611,0.855667907185468,1.72836743606302,1.42544719373652,1.99679277431267,1.92109571534212,1.42634339870231,1.84644787774017,0.527899941954899,1.52440188944335,0.600880980461532,1.37259186677382,1.91971033068683
IREpAF,6719,additional_calibration,117,0.796532000697246,0.500114602330539,1.90307901048397,0.956078793460573,0.50682777933802,1.53876951532682,1.95931263618257,1.50532421842428,0.762568096344027,1.17828104310342,1.91565649057938,0.89456110732767,1.79026387373006
IREpAF,6733,additional_calibration,118,1.90964279859523,0.515310767509371,1.14110902587728,1.86796986850518,1.93074068002606,1.92446817973922,1.8773034607106,1.05201340382282,1.26331565068149,1.3566836936786,1.59992638838004,1.75615218135253,1.64569536241106
IREpAF,6864,additional_calibration,119,0.956725389892365,0.76710344891015,1.37418069810128,0.725117322212384,1.15222985962643,0.931838237228268,1.74665233185753,0.781073315029395,0.564410482133062,0.974129226790448,0.75273413384919,1.28465111849467,1.7127238186823
IREpAF,6887,additional_calibration,120,0.716112231753507,0.578027707820198,1.74916856352442,0.711051352166795,0.633891009010249,0.723494359828922,0.907785838808698,0.89430572716453,1.39503573330631,0.877562055978195,1.35905324833614,1.28585612827347,1.9561110741777
IREpAF,6948,additional_calibration,121,1.15704366035966,0.61306973851412,0.870994640294569,1.77799113638163,0.950698794245885,0.995904632996702,1.58063490743278,1.64276602376299,1.98398607382214,1.9549975962143,1.32700126610468,0.677821681915908,1.93503392049277
IREpAF,6951,additional_calibration,122,1.01206754893915,0.606543170529202,1.42557191634139,1.77440722275624,1.01102474369255,0.71038223538992,1.3548761318233,1.82884779815553,0.515858175843139,1.53519754049024,1.91879972775448,1.2974768401091,1.15521867409341
IREpAF,6959,additional_calibration,123,0.623377256982877,0.508404106586707,0.504149194396113,1.45005159403205,1.92660495658668,1.13067715812099,1.70253576246498,0.666470116600161,0.590431090176704,0.564909649348914,0.556363582145024,1.71561000557888,1.03479949855161
IREpAF,6962,additional_calibration,124,0.879642483212733,0.572165695671031,1.19284134033686,1.89280082880308,1.10725507851939,0.846577363798672,1.45185534337238,1.76182056173757,0.707649456693764,1.75490249701713,0.875171551321722,0.75202583170116,0.973196552887656
IREpAF,7083,additional_calibration,125,1.11173928337031,0.871035195136951,1.97631547062518,1.6498213059832,1.92973804335464,0.640379943180028,1.10500377006254,1.5847731143819,0.89555157680789,1.4015324752668,1.04377256590243,1.07411766334822,1.93636769082064
IREpAF,7167,additional_calibration,126,0.906148672404812,0.733152529854562,1.38040230774752,0.783482293166206,1.7536222801656,1.35508481819891,1.73730144484391,0.596962146054497,0.586320946981652,1.06772375067181,0.989647964041926,0.705294885472012,1.89724419992219
IREpAF,7187,additional_calibration,127,0.600264549423569,0.58032796293464,1.27635555043321,0.598828878198541,1.79958245307452,0.522582563599482,0.861809071907006,1.0984926649887,1.34172539724555,0.674033091424678,1.19704313086652,0.630965014175659,1.61210318273034
IREpAF,7352,additional_calibration,128,0.924213780763719,0.73982871096024,1.35877407262036,1.61449474707792,1.40468771242537,1.38830078423439,0.534975102400005,1.65467690739679,0.541037707398313,0.893605973774788,1.84507092208792,0.515452962613792,1.61418297525481
IREpAF,7514,additional_calibration,130,1.62311390381592,0.608048753222823,1.79405039873597,1.75731064750533,1.64981082172076,1.78832364213198,1.62661361914175,1.18359718269676,1.26292769950711,1.92823283358716,1.67873237319013,0.625801927890127,1.21969279937338
IREpAF,7532,additional_calibration,131,1.47879205532248,0.630716472155507,1.44526794489502,1.8044666573825,1.16658017629166,1.89416488066608,1.36757818152104,0.676911049079896,1.41443731449251,1.11640786779526,1.25238656960206,1.93492253225245,1.33147822196221
IREpAF,7547,additional_calibration,132,1.31889214840324,0.54786548920695,1.97146205736462,0.763800377711886,1.24297113190738,1.27902204116684,1.80844529819436,0.599314750382111,0.924512525105661,1.3418789887261,1.37996891371897,1.79772771271978,1.8183165465393
IREpAF,7616,additional_calibration,133,1.258201026319,0.789514135407413,1.16570207421666,1.8480295661811,1.85483479457454,1.60262137465889,0.586241392607511,1.44478598131168,0.796642140884307,1.55444364727079,0.95168881804729,1.92221653625804,1.9971226332218
IREpAF,7729,additional_calibration,135,1.09954658305629,0.507451709952107,1.466108147067,1.37868064106697,1.67348948890365,1.0767842196161,1.43438081628933,0.633880516270474,0.696187762072893,0.933977478616306,1.87501101515071,1.53040008412857,0.820006109218726
IREpAF,7802,additional_calibration,136,1.12391474843159,0.721186200393265,0.896092448806489,1.44846318670748,1.59920687320594,0.984205866487766,1.83905148739341,0.798037402977043,1.05666028818944,1.99952790563191,1.62401156422784,0.508382471413031,1.68334694773175
IREpAF,7835,additional_calibration,137,0.847470728350537,0.596218590961129,1.93244268775396,1.52839714377365,1.79583091328823,0.845080919877871,0.638229628495308,1.55907066619289,1.25927316501311,1.44336215472155,0.741220003772897,0.727537787721239,1.77680006243117
IREpAF,7861,additional_calibration,138,1.2271415894295,0.690089470586526,1.83848791435095,0.756976932525772,1.47149307181411,1.7465870059527,0.783292657370503,1.92534466993114,1.59477079383593,0.92244971455425,1.0397625007436,0.763726345120032,1.8394013029157
IREpAF,7931,additional_calibration,139,1.04845317725818,0.622843575104555,1.02475716037236,1.85504201750573,1.16148057467028,0.740447247231589,1.54751115674922,1.27662830408634,0.858496684828583,1.41565142926308,1.97979177670459,1.45810816747783,1.34831680428041
IREpAF,7949,additional_calibration,140,1.22823074086093,0.58509621178805,1.00955839176928,1.74618814265159,1.77589942808555,1.20706055230227,0.667573416131358,1.99811653659455,0.850924114496709,1.28163480476755,1.62044690639005,1.85169396337392,1.61349852799988
IREpAF,8009,additional_calibration,141,1.21254785050264,0.552179214615471,1.72396924703524,0.533109131842024,0.59761966015844,1.93528763339177,1.27213599328245,0.725040982244697,1.04876607575053,1.44829529572632,1.05399928972517,1.77889116978408,1.64759404252218
IREpAF,8016,additional_calibration,142,1.47442585222242,0.621366702288628,1.76041235344266,1.29703764325942,1.11212918895143,1.90129459620988,1.76635464262283,1.92254546469643,1.32527889067084,1.19422631135768,0.685395703579663,0.770019259326305,1.60369660248526
IREpAF,8017,additional_calibration,143,1.35743263219153,0.5240217167544,1.27107509475635,1.69941860108211,1.12964269249154,1.70646669941431,1.48968035728195,0.851325294629468,1.37360172763079,1.13635733546423,1.75059886118191,1.89231346147405,1.65396774675315
IREpAF,8034,additional_calibration,144,0.994011322701695,0.53590378649188,1.53216369279696,1.01456552361964,1.05079633544601,1.75088907935698,1.2590386682976,1.42638863393733,0.752623860415135,0.600138185465388,1.45684765610522,0.500974978705443,1.51010660129073
IREpAF,8134,additional_calibration,145,0.914884050035903,0.546993510671362,1.41812249692462,0.517732194390915,1.38103587060255,1.8130244763387,1.47829745872852,1.4324103709818,0.911312949732964,1.14471400766131,1.22192468848393,0.715848673926807,1.90178410386633
IREpAF,8262,additional_calibration,146,0.987976174246975,0.875976447203068,0.510389119750361,0.858718832470667,0.975975141533275,0.646755122745579,1.40968281505394,1.14445809641068,0.775492304936211,1.53941058574981,1.85116608753908,1.44088894035401,1.31045483871941
IREpAF,8362,additional_calibration,148,1.11671185748008,0.984986000347552,1.02218461175622,0.580882280882495,0.994960944547539,1.97285965745877,0.639090138561733,0.851297392922342,0.908243015317975,1.10582931817798,1.18265272944189,0.558271399949896,1.83450664940087
IREpAF,8431,additional_calibration,149,1.51542174955549,0.792427735635635,0.990456038397531,0.915463040201626,0.995015771146722,1.96948809641614,0.963433622162718,1.18340355871555,1.10005557261413,1.76441785690828,1.57385931739949,1.63318553791555,1.67743354749481
IREpAF,8539,additional_calibration,150,0.723152745723267,0.624351854725322,0.941075554323156,0.733535439224421,0.694483539428161,1.00686570187574,1.30499273242035,0.654584661121169,0.980022792466582,0.732694971018545,1.32831981884738,0.584473445777017,1.36517620042658
IREpAF,8555,additional_calibration,151,1.20876950098498,0.649854176292628,0.672081624954123,1.81785781729686,1.73520280979229,1.29328862557022,0.543839686395117,1.91161019343935,0.81459747113731,1.33122757189743,1.74794127547104,1.62726858566323,1.40098050543634
IREpAF,8670,additional_calibration,152,1.18940028967078,0.850024473492182,1.7853577729374,1.62481573631677,1.33908532540402,0.743111095328906,1.82233919097699,1.19017163113291,1.177827139718,1.611884008756,1.22264018613461,0.709848594165142,1.79743190415686
IREpAF,8691,additional_calibration,153,1.30952710229384,0.530356249217764,0.763672039862916,0.708841557111819,1.54230278466938,0.728407657975599,1.154598746311,1.5848002651141,1.72359995664953,1.40766910309824,1.54555023543194,1.01176193926986,1.63809914743403
IREpAF,8703,additional_calibration,154,0.896139933838806,0.72586827839013,1.13982196611541,1.14621730365885,1.981944244884,1.14486811689109,1.30180617342244,1.04043460690423,0.591072346063605,1.06557561527455,1.8059454894605,1.79689311788802,1.7082100828939
IREpAF,8735,additional_calibration,155,1.38376042479491,0.567752474543368,1.94671651453363,0.800529280167766,0.786018293919248,1.97094581841353,1.72477268863686,0.701706125974692,0.542191893630897,1.35551933113865,1.01222414995958,1.51931275571215,0.89678600653459
IREpAF,8754,additional_calibration,156,1.35061585123929,0.846155849095826,1.02782617033457,1.30106487983439,1.97636957433375,1.98532396004074,1.56967038365173,0.685134079838897,0.808140290151694,1.04158598439338,0.53244239466842,1.63450695355886,1.87192362540575
IREpAF,8808,additional_calibration,157,1.39213985075521,0.526985666675448,1.53432768532391,1.14956815748496,1.33388849937566,1.90130366087473,1.27992212127341,1.22341434205181,1.09692397104438,0.95117989906198,1.08925671730411,1.98544301395803,1.85669012545047
IREpAF,8917,additional_calibration,158,0.908199459494713,0.682784048029413,1.08281853521388,0.502815885396403,1.56941668512125,1.07278170602121,0.853583772731146,1.05631722493868,0.689526501553566,1.67878796960977,1.55137965526692,1.83972169883757,1.67945277962801
IREpAF,8942,additional_calibration,159,1.07132790347144,0.528630856143358,0.61066892500934,0.761801461963417,0.641138281991466,1.46056660119434,0.600234495460294,0.815809823679391,1.11741591947246,0.841091836953044,1.65120678984567,1.59379641940061,1.51642800770374
IREpAF,8987,additional_calibration,160,0.868132245100741,0.653732197885577,0.514265927126333,1.04141095302574,1.75200115427189,0.578982475460985,1.94194207429012,1.85907152190404,0.607215467458686,1.73809084415847,1.44651305402878,0.671968872700626,1.21594284835156
IREpAF,8997,additional_calibration,161,1.47312348732632,0.73559292319691,1.71380702212284,0.619856382212337,0.861275797076823,1.6127322787514,1.97349412771705,1.7088606845483,0.731425252797867,1.56850873079492,1.049586948518,1.13076364598557,1.81486584735434
IREpAF,9089,additional_calibration,162,1.10797310822517,0.605280711933985,0.800273241404548,0.568585375076869,1.61158267742405,1.05403235798025,1.24294903292118,1.07743996156899,0.941786593671656,1.20381247052938,1.59644974474727,1.57842434407888,0.883967771406698
IREpAF,9167,additional_calibration,163,1.18762581729249,0.87702540370029,0.758395638318406,1.87400955716729,0.786217657619321,1.78893487710665,0.582839171610109,1.47478103868573,0.978661100153656,0.963699390963969,1.40180925061349,0.819367974973354,1.97800457382672
IREpAF,9213,additional_calibration,164,0.805467855844255,0.942985855423707,0.769478300000689,1.67777148571093,0.648109047262924,0.738550422694748,1.05733710477467,1.61511192734015,0.555016187616545,1.91193509053235,1.54864103491835,1.68894340178853,1.96421209593308
IREpAF,9264,additional_calibration,165,1.4428859402616,0.736936514808493,1.01262326081498,1.79815073514642,1.12589214634297,1.56885310657616,1.58316218086509,1.71056359295593,0.856111549566656,1.24808832877364,1.0059122204491,1.71855936404828,1.55455080114276
IREpAF,9360,additional_calibration,166,1.10654185886857,0.642788828969366,1.3230039893589,1.88596024325041,1.80316265348217,1.19834686400667,0.860131933055075,1.46517610963544,1.54721170680702,1.69625780820808,1.10343078402767,0.540903190242154,1.64055057419493
IREpAF,9385,additional_calibration,167,1.03365635865462,0.520907163430377,1.78550551538599,0.731802888107332,1.53402778209036,1.27177419835329,0.816937823536682,1.15477198644224,1.18402737031504,1.18051692640287,0.915680103621353,1.41488623784958,1.0522867766263
IREpAF,9393,additional_calibration,168,1.36642808999954,0.657853416329061,1.47945459134018,0.578421529409413,1.82842211966609,1.46955384113887,0.929112926154229,1.45253219096833,1.63483622817621,0.807129687386475,0.529027564146307,1.70271795266999,1.95161694171181
IREpAF,9411,additional_calibration,169,1.42256394043904,0.615072480283258,1.3897278836396,0.630218239709285,1.21458605091437,1.79811200153789,1.84602267711963,1.06377358583285,0.930138032283498,1.04987167923204,0.652816433378991,1.03891290268605,0.740935959887865
IREpAF,9491,additional_calibration,170,1.04569357830386,0.795936618054335,0.561866879718751,0.64686591899831,1.45388570664334,1.2453175273125,1.09833969237951,0.90157760985561,0.705816406633604,1.43297391115139,1.01846397780234,1.37559741368264,1.10312802055835
IREpAF,9504,additional_calibration,171,1.17165451169451,0.69352131869264,1.78287300661933,1.98291372904413,0.925511619988109,1.32950175170858,1.06109091787038,0.765338612723216,0.850239844999209,1.95315445709436,1.74745194048852,1.79337251227855,1.41040349265378
IREpAF,9695,additional_calibration,172,1.29922692250212,0.555547031422906,1.83180933623784,1.46769366843597,1.50243427252266,1.30255832490475,1.87284914089333,1.04620141576305,1.3968922142262,1.23165863562055,0.515087628296179,1.47297388510597,0.824712452212211
IREpAF,9739,additional_calibration,173,1.26996833708533,0.643625418860306,1.60598535690663,0.699496203634276,0.927926625197682,1.87368367284503,1.59497448098554,1.00984603457956,1.26274282954907,1.16048401337683,1.07559058085977,0.758874237443747,0.611231645384085
IREpAF,9785,additional_calibration,174,1.11929644914728,0.589521530172282,0.542947348293592,1.84046929401047,1.2057277781461,0.940309057860185,1.96911204747404,0.795510642090863,0.923812866461019,0.925999402558359,1.74571463399849,0.943213448863033,1.4428141739914
IREpAF,9807,additional_calibration,175,0.898118915246131,0.600256030457439,0.835282750705714,1.88404849498683,0.783372845923027,0.920458245554908,1.52058693616039,0.809294966775204,0.660332562360262,0.669259508985822,0.565224520146152,1.6957702348608,1.1629494390113
IREpAF,9836,additional_calibration,176,1.13931422893999,0.643012280403892,1.92482945772555,1.94139198680957,0.560695916891148,1.8818426504795,1.49847053104271,1.65424739842788,0.882186520376787,1.05669843455946,1.52503493733758,0.920378842697833,1.7740881446783
IREpAF,9984,additional_calibration,177,1.01998442974352,0.554534993790199,1.23307780870584,1.21730071599973,0.898507865153365,1.43110484722976,0.742536124463967,1.83895913708708,1.07884606091328,0.722501633802357,0.89189586571241,0.949714232647628,1.22381038618356
